{
    "Objects": [
        {
            "name": "StaticObj_Pier_Concrete2",
            "pos": [
                4163.9892578125,
                217.58038330078126,
                10535.8505859375
            ],
            "ypr": [
                -45.0,
                0.0,
                -10.0
            ],
            "scale": 0.9999885559082031,
            "enableCEPersistency": 0
        },
        {
            "name": "StaticObj_Pier_Concrete2",
            "pos": [
                4176.2294921875,
                217.58038330078126,
                10523.7509765625
            ],
            "ypr": [
                -45.0,
                0.0,
                -10.0
            ],
            "scale": 0.9999877214431763,
            "enableCEPersistency": 0
        },
        {
            "name": "StaticObj_Pier_Concrete2",
            "pos": [
                4217.09375,
                217.81671142578126,
                10564.642578125
            ],
            "ypr": [
                135.56199645996095,
                0.0,
                -9.999999046325684
            ],
            "scale": 0.9999454021453857,
            "enableCEPersistency": 0
        },
        {
            "name": "StaticObj_Pier_Concrete2",
            "pos": [
                4204.97412109375,
                217.81671142578126,
                10576.8427734375
            ],
            "ypr": [
                135.56100463867188,
                0.0,
                -10.0
            ],
            "scale": 0.9999746084213257,
            "enableCEPersistency": 0
        }
    ]
}