{
  "Objects": [
    {
      "name": "Land_Boat_Small7",
      "pos": [
        7230.77392578125,
        2.267911672592163,
        7038.92919921875
      ],
      "ypr": [
        170.99986267089844,
        0,
        -0
      ],
      "scale": 0.9999998807907104,
      "enableCEPersistency": 0
    }
  ]
}
