{
  "Objects": [
    {
      "name": "StaticObj_Pier_Concrete2",
      "pos": [
        7207.546875,
        -18,
        7144.8984375
      ],
      "ypr": [
        80.20909881591797,
        0,
        -9.999996185302734
      ],
      "scale": 0.9999833703041077,
      "enableCEPersistency": 0
    },
    {
      "name": "StaticObj_Pier_Concrete2",
      "pos": [
        7190.603515625,
        -18,
        7141.87060546875
      ],
      "ypr": [
        80.20909881591797,
        0,
        -9.999996185302734
      ],
      "scale": 0.9999822378158569,
      "enableCEPersistency": 0
    },
    {
      "name": "StaticObj_Pier_Concrete2",
      "pos": [
        7200.45263671875,
        -18,
        7084.90771484375
      ],
      "ypr": [
        -99.22814178466797,
        0,
        -9.999996185302734
      ],
      "scale": 0.9999451637268066,
      "enableCEPersistency": 0
    },
    {
      "name": "StaticObj_Pier_Concrete2",
      "pos": [
        7217.408203125,
        -18,
        7087.771484375
      ],
      "ypr": [
        -99.22911071777344,
        0,
        -9.999996185302734
      ],
      "scale": 0.9999680519104004,
      "enableCEPersistency": 0
    }
  ]
}
